{
  "TN0001000108": {
    "volume_mean": 12590.866666666667,
    "volume_std": 63419.125565005124,
    "variation_mean": 0.02425498777697666,
    "variation_std": 2.022061494687631,
    "volume_threshold": 3,
    "variation_threshold": 3
  },
  "TN0001100254": {
    "volume_mean": 67744.23333333334,
    "volume_std": 120102.65945738928,
    "variation_mean": -0.021092580684000665,
    "variation_std": 1.0637081056727986,
    "volume_threshold": 3,
    "variation_threshold": 3
  },
  "TN0001200401": {
    "volume_mean": 11834.366666666667,
    "volume_std": 18534.493702067346,
    "variation_mean": -0.029318595087302134,
    "variation_std": 1.803314507922834,
    "volume_threshold": 3,
    "variation_threshold": 3
  },
  "TN0001400704": {
    "volume_mean": 4671.4,
    "volume_std": 12545.545211832248,
    "variation_mean": 0.045986659339066815,
    "variation_std": 1.4043413197877073,
    "volume_threshold": 3,
    "variation_threshold": 3
  },
  "TN0001600154": {
    "volume_mean": 14525.033333333333,
    "volume_std": 49749.07849673953,
    "variation_mean": 0.0850363836180791,
    "variation_std": 1.3306856854278823,
    "volume_threshold": 3,
    "variation_threshold": 3
  },
  "TN0001800457": {
    "volume_mean": 5490.533333333334,
    "volume_std": 4047.337053296404,
    "variation_mean": 0.046437864271617536,
    "variation_std": 1.6894590459042311,
    "volume_threshold": 3,
    "variation_threshold": 3
  },
  "TN0001900604": {
    "volume_mean": 2219.6,
    "volume_std": 3862.173700976201,
    "variation_mean": 0.011886194123981718,
    "variation_std": 1.663374437540081,
    "volume_threshold": 3,
    "variation_threshold": 3
  },
  "TN0002100907": {
    "volume_mean": 6965.5,
    "volume_std": 7861.832061427051,
    "variation_mean": 0.12246038485203242,
    "variation_std": 1.472150409118016,
    "volume_threshold": 3,
    "variation_threshold": 3
  },
  "TN0002600955": {
    "volume_mean": 22819.766666666666,
    "volume_std": 15967.98291125367,
    "variation_mean": 0.021443994388665327,
    "variation_std": 1.5785218983959413,
    "volume_threshold": 3,
    "variation_threshold": 3
  },
  "TN0003200755": {
    "volume_mean": 1054.9333333333334,
    "volume_std": 803.8829874249507,
    "variation_mean": 0.02187037838198284,
    "variation_std": 1.6383480243668362,
    "volume_threshold": 3,
    "variation_threshold": 3
  },
  "TN0003400058": {
    "volume_mean": 21421.666666666668,
    "volume_std": 20088.647170138778,
    "variation_mean": 0.07918711393793441,
    "variation_std": 1.1405720971258364,
    "volume_threshold": 3,
    "variation_threshold": 3
  },
  "TN0003900107": {
    "volume_mean": 8799.7,
    "volume_std": 31937.897876488096,
    "variation_mean": 0.045492975747025655,
    "variation_std": 1.3075635662664356,
    "volume_threshold": 3,
    "variation_threshold": 3
  },
  "TN0005700018": {
    "volume_mean": 37657.3,
    "volume_std": 42434.2730545195,
    "variation_mean": 0.06899333980642146,
    "variation_std": 1.5407259676075737,
    "volume_threshold": 3,
    "variation_threshold": 3
  },
  "TN0006530018": {
    "volume_mean": 7913.866666666667,
    "volume_std": 11538.77810937838,
    "variation_mean": 0.03842833683723938,
    "variation_std": 1.8462011382346188,
    "volume_threshold": 3,
    "variation_threshold": 3
  },
  "TN0006560015": {
    "volume_mean": 24998.733333333334,
    "volume_std": 22903.154327154898,
    "variation_mean": 0.06836571290162285,
    "variation_std": 1.1830976726592657,
    "volume_threshold": 3,
    "variation_threshold": 3
  },
  "TN0006580013": {
    "volume_mean": 1404.6666666666667,
    "volume_std": 3089.6148441283854,
    "variation_mean": 0.09556422225268844,
    "variation_std": 1.247259913482823,
    "volume_threshold": 3,
    "variation_threshold": 3
  },
  "TN0006590012": {
    "volume_mean": 4698.2,
    "volume_std": 4512.941883227031,
    "variation_mean": -0.016100451741161887,
    "variation_std": 1.5590509594755562,
    "volume_threshold": 3,
    "variation_threshold": 3
  },
  "TN0006610018": {
    "volume_mean": 3411.3333333333335,
    "volume_std": 15029.21778617796,
    "variation_mean": 0.09870272509556652,
    "variation_std": 1.5858361733659734,
    "volume_threshold": 3,
    "variation_threshold": 3
  },
  "TN0006660013": {
    "volume_mean": 2036.2333333333333,
    "volume_std": 2490.193479303934,
    "variation_mean": 0.06303359743350873,
    "variation_std": 1.2380175160215643,
    "volume_threshold": 3,
    "variation_threshold": 3
  },
  "TN0006780019": {
    "volume_mean": 43926.166666666664,
    "volume_std": 60574.42562386267,
    "variation_mean": -0.027763063624452015,
    "variation_std": 1.912544289168749,
    "volume_threshold": 3,
    "variation_threshold": 3
  },
  "TN0007140015": {
    "volume_mean": 33926.73333333333,
    "volume_std": 31949.566851451935,
    "variation_mean": 0.013708295123116878,
    "variation_std": 2.644763232195398,
    "volume_threshold": 3,
    "variation_threshold": 3
  },
  "TN0007210016": {
    "volume_mean": 8608.3,
    "volume_std": 10450.865706263035,
    "variation_mean": 0.05358783080924248,
    "variation_std": 2.3297006505400986,
    "volume_threshold": 3,
    "variation_threshold": 3
  },
  "TN0007270010": {
    "volume_mean": 82779.86666666667,
    "volume_std": 147920.62003742767,
    "variation_mean": 0.10634254610024665,
    "variation_std": 1.2877346903950222,
    "volume_threshold": 3,
    "variation_threshold": 3
  },
  "TN0007300015": {
    "volume_mean": 3900.4666666666667,
    "volume_std": 3649.273378391571,
    "variation_mean": 0.1038521190693952,
    "variation_std": 1.5749153336096362,
    "volume_threshold": 3,
    "variation_threshold": 3
  },
  "TN0007380017": {
    "volume_mean": 64907.2,
    "volume_std": 290660.05741621956,
    "variation_mean": 0.05117320851080655,
    "variation_std": 1.3848109078604658,
    "volume_threshold": 3,
    "variation_threshold": 3
  },
  "TN0007400013": {
    "volume_mean": 131665.93333333332,
    "volume_std": 91829.39747234539,
    "variation_mean": 0.009030958436674565,
    "variation_std": 1.2840296906085158,
    "volume_threshold": 3,
    "variation_threshold": 3
  },
  "TN0007410012": {
    "volume_mean": 2609.0333333333333,
    "volume_std": 3524.125252024179,
    "variation_mean": 0.0363766135937481,
    "variation_std": 1.3552842816621777,
    "volume_threshold": 3,
    "variation_threshold": 3
  },
  "TN0007440019": {
    "volume_mean": 20605.033333333333,
    "volume_std": 74697.88833025264,
    "variation_mean": -0.0113406338672804,
    "variation_std": 1.3787517176342028,
    "volume_threshold": 3,
    "variation_threshold": 3
  },
  "TN0007530017": {
    "volume_mean": 81903.5,
    "volume_std": 116606.40136883006,
    "variation_mean": -0.01258555650992423,
    "variation_std": 1.36466527857702,
    "volume_threshold": 3,
    "variation_threshold": 3
  },
  "TN0007540016": {
    "volume_mean": 1659.0333333333333,
    "volume_std": 2379.3016286780216,
    "variation_mean": 0.0019318359469419058,
    "variation_std": 1.5787837186529965,
    "volume_threshold": 3,
    "variation_threshold": 3
  },
  "TN0007550015": {
    "volume_mean": 12554.366666666667,
    "volume_std": 50755.24430487061,
    "variation_mean": 0.09540835975768834,
    "variation_std": 1.3675698453368612,
    "volume_threshold": 3,
    "variation_threshold": 3
  },
  "TN0007570013": {
    "volume_mean": 9937.8,
    "volume_std": 7916.349299676076,
    "variation_mean": -0.04858820031408933,
    "variation_std": 1.502387060812282,
    "volume_threshold": 3,
    "variation_threshold": 3
  },
  "TN0007610017": {
    "volume_mean": 36290.3,
    "volume_std": 29212.186269281807,
    "variation_mean": 0.01887794786652146,
    "variation_std": 1.1495394733446322,
    "volume_threshold": 3,
    "variation_threshold": 3
  },
  "TN0007620016": {
    "volume_mean": 9825.7,
    "volume_std": 11533.75745560942,
    "variation_mean": 0.09796191871110396,